{
  "project_info": {
    "project_number": "296377715800",
    "project_id": "todoapp-fd4d6",
    "storage_bucket": "todoapp-fd4d6.firebasestorage.app"
  },
  "client": [
    {
      "client_info": {
        "mobilesdk_app_id": "1:296377715800:android:c026135c312404bb810e2d",
        "android_client_info": {
          "package_name": "com.example.todoapp"
        }
      },
      "oauth_client": [],
      "api_key": [
        {
          "current_key": "AIzaSyCYVPrP-o7AqbKZCiOi7I01hjmIdhjsz1g"
        }
      ],
      "services": {
        "appinvite_service": {
          "other_platform_oauth_client": []
        }
      }
    }
  ],
  "configuration_version": "1"
}